time,init_lnnum,vehnum,speed,x,y,signal
0,1,462,15,1,15,green
0,2,463,15,2,15,green
1,1,462,20,1,35,green
1,2,463,15,2,30,green
1,0,464,20,0,20,green
2,1,462,20,1,55,red
2,2,463,15,2,45,red
2,0,464,15,0,35,red
2,0,465,15,0,15,red
2,1,466,15,1,15,red
2,2,467,15,2,15,red
3,1,462,20,1,75,red
3,2,463,15,2,60,red
3,0,464,20,0,55,red
3,0,465,15,0,30,red
3,1,466,20,1,35,red
3,2,467,15,2,30,red
3,1,468,10,1,10,red
3,2,469,10,2,10,red
4,1,462,20,1,95,red
4,2,463,20,2,80,red
4,0,464,15,0,70,red
4,0,465,20,0,50,red
4,1,466,20,1,55,red
4,2,467,15,2,45,red
4,1,468,15,1,25,red
4,2,469,15,2,25,red
4,0,470,15,0,15,red
5,1,462,15,1,110,red
5,2,463,20,2,100,red
5,0,464,15,0,85,red
5,0,465,15,0,65,red
5,1,466,15,1,70,red
5,2,467,20,2,65,red
5,1,468,15,1,40,red
5,2,469,15,2,40,red
5,0,470,15,0,30,red
6,1,462,15,1,125,red
6,2,463,20,2,120,red
6,0,464,20,0,105,red
6,0,465,15,0,80,red
6,1,466,15,1,85,red
6,2,467,15,2,80,red
6,1,468,20,1,60,red
6,2,469,15,2,55,red
6,0,470,20,0,50,red
7,1,462,20,1,145,red
7,2,463,15,2,135,red
7,0,464,20,0,125,red
7,0,465,20,0,100,red
7,1,466,20,1,105,red
7,2,467,20,2,100,red
7,1,468,15,1,75,red
7,2,469,15,2,70,red
7,0,470,20,0,70,red
8,1,462,20,1,165,red
8,2,463,15,2,150,red
8,0,464,15,0,140,red
8,0,465,20,0,120,red
8,1,466,15,1,120,red
8,2,467,20,2,120,red
8,1,468,20,1,95,red
8,2,469,15,2,85,red
8,0,470,15,0,85,red
8,1,471,20,1,20,red
9,1,462,20,1,185,red
9,2,463,20,2,170,red
9,0,464,15,0,155,red
9,0,465,15,0,135,red
9,1,466,20,1,140,red
9,2,467,15,2,135,red
9,1,468,20,1,115,red
9,2,469,15,2,100,red
9,0,470,20,0,105,red
9,1,471,20,1,40,red
9,0,472,15,0,15,red
9,1,473,15,1,15,red
9,2,474,15,2,15,red
9,3,475,15,3,15,red
10,1,462,15,1,200,green
10,2,463,15,2,185,green
10,0,464,15,0,170,green
10,0,465,15,0,150,green
10,1,466,15,1,155,green
10,2,467,20,2,155,green
10,1,468,15,1,130,green
10,2,469,15,2,115,green
10,0,470,15,0,120,green
10,1,471,20,1,60,green
10,0,472,15,0,30,green
10,1,473,15,1,30,green
10,2,474,20,2,35,green
10,3,475,20,3,35,green
10,0,476,10,0,10,green
10,2,477,10,2,10,green
10,4,478,20,4,20,green
11,1,462,15,1,215,green
11,2,463,20,2,205,green
11,0,464,15,0,185,green
11,0,465,15,0,165,green
11,1,466,20,1,175,green
11,2,467,15,2,170,green
11,1,468,20,1,150,green
11,2,469,15,2,130,green
11,0,470,20,0,140,green
11,1,471,20,1,80,green
11,0,472,15,0,45,green
11,1,473,15,1,45,green
11,2,474,20,2,55,green
11,3,475,20,3,55,green
11,0,476,15,0,25,green
11,2,477,20,2,30,green
11,4,478,15,4,35,green
11,1,479,15,1,15,green
11,2,480,5,2,5,green
12,1,462,15,1,230,red
12,2,463,15,2,220,red
12,0,464,20,0,205,red
12,0,465,15,0,180,red
12,1,466,20,1,195,red
12,2,467,15,2,185,red
12,1,468,15,1,165,red
12,2,469,15,2,145,red
12,0,470,20,0,160,red
12,1,471,15,1,95,red
12,0,472,20,0,65,red
12,1,473,15,1,60,red
12,2,474,15,2,70,red
12,3,475,15,3,70,red
12,0,476,15,0,40,red
12,2,477,15,2,45,red
12,4,478,20,4,55,red
12,1,479,20,1,35,red
12,2,480,10,2,15,red
12,0,481,15,0,15,red
12,1,482,10,1,10,red
12,3,483,15,3,15,red
13,1,462,15,1,245,red
13,2,463,20,2,240,red
13,0,464,20,0,225,red
13,0,465,15,0,195,red
13,1,466,15,1,210,red
13,2,467,20,2,205,red
13,1,468,15,1,180,red
13,2,469,15,2,160,red
13,0,470,15,0,175,red
13,1,471,15,1,110,red
13,0,472,15,0,80,red
13,1,473,15,1,75,red
13,2,474,15,2,85,red
13,3,475,10,3,80,red
13,0,476,20,0,60,red
13,2,477,15,2,60,red
13,4,478,15,4,70,red
13,1,479,15,1,50,red
13,2,480,20,2,35,red
13,0,481,20,0,35,red
13,1,482,20,1,30,red
13,3,483,15,3,30,red
13,0,484,10,0,10,red
13,2,485,10,2,10,red
13,4,486,20,4,20,red
14,1,462,20,1,265,red
14,2,463,20,2,260,red
14,0,464,20,0,245,red
14,0,465,20,0,215,red
14,1,466,20,1,230,red
14,2,467,15,2,220,red
14,1,468,15,1,195,red
14,2,469,20,2,180,red
14,0,470,15,0,190,red
14,1,471,15,1,125,red
14,0,472,20,0,100,red
14,1,473,20,1,95,red
14,2,474,15,2,100,red
14,3,475,0,3,80,red
14,0,476,15,0,75,red
14,2,477,15,2,75,red
14,4,478,10,4,80,red
14,1,479,20,1,70,red
14,2,480,15,2,50,red
14,0,481,20,0,55,red
14,1,482,15,1,45,red
14,3,483,15,3,45,red
14,0,484,15,0,25,red
14,2,485,20,2,30,red
14,4,486,15,4,35,red
14,1,487,15,1,15,red
14,2,488,5,2,5,red
14,3,489,20,3,20,red
15,1,462,20,1,285,red
15,2,463,15,2,275,red
15,0,464,20,0,265,red
15,0,465,20,0,235,red
15,1,466,15,1,245,red
15,2,467,15,2,235,red
15,1,468,20,1,215,red
15,2,469,15,2,195,red
15,0,470,15,0,205,red
15,1,471,15,1,140,red
15,0,472,20,0,120,red
15,1,473,15,1,110,red
15,2,474,20,2,120,red
15,3,475,0,3,80,red
15,0,476,15,0,90,red
15,2,477,20,2,95,red
15,4,478,0,4,80,red
15,1,479,20,1,90,red
15,2,480,15,2,65,red
15,0,481,15,0,70,red
15,1,482,20,1,65,red
15,3,483,20,3,65,red
15,0,484,15,0,40,red
15,2,485,15,2,45,red
15,4,486,20,4,55,red
15,1,487,15,1,30,red
15,2,488,15,2,20,red
15,3,489,15,3,35,red
15,0,490,20,0,20,red
15,1,491,10,1,10,red
16,1,462,15,1,300,red
16,2,463,15,2,290,red
16,0,464,15,0,280,red
16,0,465,20,0,255,red
16,1,466,15,1,260,red
16,2,467,15,2,250,red
16,1,468,20,1,235,red
16,2,469,15,2,210,red
16,0,470,15,0,220,red
16,1,471,15,1,155,red
16,0,472,15,0,135,red
16,1,473,20,1,130,red
16,2,474,20,2,140,red
16,3,475,0,3,80,red
16,0,476,15,0,105,red
16,2,477,15,2,110,red
16,4,478,0,4,80,red
16,1,479,15,1,105,red
16,2,480,15,2,80,red
16,0,481,15,0,85,red
16,1,482,20,1,85,red
16,3,483,10,3,75,red
16,0,484,20,0,60,red
16,2,485,15,2,60,red
16,4,486,15,4,70,red
16,1,487,15,1,45,red
16,2,488,20,2,40,red
16,3,489,20,3,55,red
16,0,490,15,0,35,red
16,1,491,15,1,25,red
16,0,492,15,0,15,red
16,2,493,15,2,15,red
16,3,494,15,3,15,red
16,4,495,20,4,20,red
17,1,462,20,1,320,red
17,2,463,15,2,305,red
17,0,464,15,0,295,red
17,0,465,15,0,270,red
17,1,466,15,1,275,red
17,2,467,15,2,265,red
17,1,468,15,1,250,red
17,2,469,15,2,225,red
17,0,470,15,0,235,red
17,1,471,20,1,175,red
17,0,472,15,0,150,red
17,1,473,20,1,150,red
17,2,474,20,2,160,red
17,3,475,0,3,80,red
17,0,476,20,0,125,red
17,2,477,20,2,130,red
17,4,478,0,4,80,red
17,1,479,20,1,125,red
17,2,480,15,2,95,red
17,0,481,15,0,100,red
17,1,482,15,1,100,red
17,3,483,0,3,75,red
17,0,484,20,0,80,red
17,2,485,15,2,75,red
17,4,486,5,4,75,red
17,1,487,15,1,60,red
17,2,488,15,2,55,red
17,3,489,15,3,70,red
17,0,490,20,0,55,red
17,1,491,15,1,40,red
17,0,492,15,0,30,red
17,2,493,15,2,30,red
17,3,494,20,3,35,red
17,4,495,15,4,35,red
17,1,496,15,1,15,red
17,2,497,10,2,10,red
18,1,462,20,1,340,red
18,2,463,15,2,320,red
18,0,464,15,0,310,red
18,0,465,15,0,285,red
18,1,466,15,1,290,red
18,2,467,20,2,285,red
18,1,468,20,1,270,red
18,2,469,20,2,245,red
18,0,470,20,0,255,red
18,1,471,15,1,190,red
18,0,472,20,0,170,red
18,1,473,20,1,170,red
18,2,474,15,2,175,red
18,3,475,0,3,80,red
18,0,476,15,0,140,red
18,2,477,20,2,150,red
18,4,478,0,4,80,red
18,1,479,20,1,145,red
18,2,480,20,2,115,red
18,0,481,15,0,115,red
18,1,482,20,1,120,red
18,3,483,0,3,75,red
18,0,484,15,0,95,red
18,2,485,15,2,90,red
18,4,486,0,4,75,red
18,1,487,15,1,75,red
18,2,488,15,2,70,red
18,3,489,0,3,70,red
18,0,490,20,0,75,red
18,1,491,15,1,55,red
18,0,492,15,0,45,red
18,2,493,20,2,50,red
18,3,494,20,3,55,red
18,4,495,15,4,50,red
18,1,496,20,1,35,red
18,2,497,15,2,25,red
18,0,498,15,0,15,red
18,1,499,10,1,10,red
18,3,500,15,3,15,red
18,4,501,15,4,15,red
19,1,462,20,1,360,red
19,2,463,15,2,335,red
19,0,464,15,0,325,red
19,0,465,15,0,300,red
19,1,466,20,1,310,red
19,2,467,20,2,305,red
19,1,468,15,1,285,red
19,2,469,15,2,260,red
19,0,470,20,0,275,red
19,1,471,15,1,205,red
19,0,472,15,0,185,red
19,1,473,15,1,185,red
19,2,474,15,2,190,red
19,3,475,0,3,80,red
19,0,476,15,0,155,red
19,2,477,15,2,165,red
19,4,478,0,4,80,red
19,1,479,20,1,165,red
19,2,480,15,2,130,red
19,0,481,15,0,130,red
19,1,482,15,1,135,red
19,3,483,0,3,75,red
19,0,484,15,0,110,red
19,2,485,20,2,110,red
19,4,486,0,4,75,red
19,1,487,15,1,90,red
19,2,488,15,2,85,red
19,3,489,0,3,70,red
19,0,490,15,0,90,red
19,1,491,15,1,70,red
19,0,492,20,0,65,red
19,2,493,15,2,65,red
19,3,494,10,3,65,red
19,4,495,20,4,70,red
19,1,496,15,1,50,red
19,2,497,20,2,45,red
19,0,498,15,0,30,red
19,1,499,20,1,30,red
19,3,500,15,3,30,red
19,4,501,20,4,35,red
19,0,502,10,0,10,red
19,2,503,15,2,15,red
20,1,462,15,1,375,green
20,2,463,20,2,355,green
20,0,464,20,0,345,green
20,0,465,15,0,315,green
20,1,466,20,1,330,green
20,2,467,20,2,325,green
20,1,468,15,1,300,green
20,2,469,20,2,280,green
20,0,470,20,0,295,green
20,1,471,15,1,220,green
20,0,472,20,0,205,green
20,1,473,15,1,200,green
20,2,474,20,2,210,green
20,3,475,5,3,85,green
20,0,476,15,0,170,green
20,2,477,15,2,180,green
20,4,478,5,4,85,green
20,1,479,15,1,180,green
20,2,480,20,2,150,green
20,0,481,20,0,150,green
20,1,482,15,1,150,green
20,3,483,0,3,75,green
20,0,484,15,0,125,green
20,2,485,15,2,125,green
20,4,486,0,4,75,green
20,1,487,20,1,110,green
20,2,488,20,2,105,green
20,3,489,0,3,70,green
20,0,490,15,0,105,green
20,1,491,15,1,85,green
20,0,492,20,0,85,green
20,2,493,15,2,80,green
20,3,494,0,3,65,green
20,4,495,0,4,70,green
20,1,496,15,1,65,green
20,2,497,15,2,60,green
20,0,498,15,0,45,green
20,1,499,15,1,45,green
20,3,500,15,3,45,green
20,4,501,15,4,50,green
20,0,502,15,0,25,green
20,2,503,20,2,35,green
20,1,504,15,1,15,green
20,2,505,10,2,10,green
20,3,506,15,3,15,green
21,1,462,15,1,390,green
21,2,463,15,2,370,green
21,0,464,20,0,365,green
21,0,465,15,0,330,green
21,1,466,15,1,345,green
21,2,467,15,2,340,green
21,1,468,15,1,315,green
21,2,469,15,2,295,green
21,0,470,15,0,310,green
21,1,471,15,1,235,green
21,0,472,20,0,225,green
21,1,473,15,1,215,green
21,2,474,20,2,230,green
21,3,475,15,3,100,green
21,0,476,15,0,185,green
21,2,477,20,2,200,green
21,4,478,15,4,100,green
21,1,479,15,1,195,green
21,2,480,20,2,170,green
21,0,481,15,0,165,green
21,1,482,15,1,165,green
21,3,483,10,3,85,green
21,0,484,20,0,145,green
21,2,485,20,2,145,green
21,4,486,10,4,85,green
21,1,487,20,1,130,green
21,2,488,15,2,120,green
21,3,489,0,3,70,green
21,0,490,15,0,120,green
21,1,491,20,1,105,green
21,0,492,15,0,100,green
21,2,493,20,2,100,green
21,3,494,0,3,65,green
21,4,495,0,4,70,green
21,1,496,15,1,80,green
21,2,497,15,2,75,green
21,0,498,15,0,60,green
21,1,499,15,1,60,green
21,3,500,15,3,60,green
21,4,501,15,4,65,green
21,0,502,15,0,40,green
21,2,503,20,2,55,green
21,1,504,15,1,30,green
21,2,505,15,2,25,green
21,3,506,20,3,35,green
22,2,463,15,2,370,red
22,0,464,20,0,385,red
22,0,465,20,0,350,red
22,1,466,15,1,360,red
22,2,467,20,2,360,red
22,1,468,15,1,330,red
22,2,469,15,2,310,red
22,0,470,15,0,325,red
22,1,471,15,1,250,red
22,0,472,15,0,240,red
22,1,473,15,1,230,red
22,2,474,20,2,250,red
22,3,475,20,3,120,red
22,0,476,15,0,200,red
22,2,477,15,2,215,red
22,4,478,15,4,115,red
22,1,479,15,1,210,red
22,2,480,15,2,185,red
22,0,481,15,0,180,red
22,1,482,15,1,180,red
22,3,483,10,3,95,red
22,0,484,15,0,160,red
22,2,485,20,2,165,red
22,4,486,10,4,95,red
22,1,487,20,1,150,red
22,2,488,15,2,135,red
22,3,489,10,3,80,red
22,0,490,20,0,140,red
22,1,491,15,1,120,red
22,0,492,15,0,115,red
22,2,493,15,2,115,red
22,3,494,0,3,65,red
22,4,495,5,4,75,red
22,1,496,15,1,95,red
22,2,497,15,2,90,red
22,0,498,20,0,80,red
22,1,499,15,1,75,red
22,3,500,0,3,60,red
22,4,501,0,4,65,red
22,0,502,15,0,55,red
22,2,503,15,2,70,red
22,1,504,15,1,45,red
22,2,505,20,2,45,red
22,3,506,15,3,50,red
23,2,463,20,2,390,red
23,0,465,20,0,350,red
23,1,466,20,1,380,red
23,2,467,5,2,365,red
23,1,468,20,1,350,red
23,2,469,20,2,330,red
23,0,470,20,0,345,red
23,1,471,15,1,265,red
23,0,472,15,0,255,red
23,1,473,15,1,245,red
23,2,474,15,2,265,red
23,3,475,15,3,135,red
23,0,476,15,0,215,red
23,2,477,15,2,230,red
23,4,478,15,4,130,red
23,1,479,15,1,225,red
23,2,480,15,2,200,red
23,0,481,15,0,195,red
23,1,482,20,1,200,red
23,3,483,20,3,115,red
23,0,484,15,0,175,red
23,2,485,15,2,180,red
23,4,486,15,4,110,red
23,1,487,15,1,165,red
23,2,488,15,2,150,red
23,3,489,0,3,80,red
23,0,490,15,0,155,red
23,1,491,15,1,135,red
23,0,492,15,0,130,red
23,2,493,15,2,130,red
23,3,494,10,3,75,red
23,4,495,5,4,80,red
23,1,496,20,1,115,red
23,2,497,20,2,110,red
23,0,498,15,0,95,red
23,1,499,15,1,90,red
23,3,500,0,3,60,red
23,4,501,5,4,70,red
23,0,502,20,0,75,red
23,2,503,15,2,85,red
23,1,504,15,1,60,red
23,2,505,15,2,60,red
23,3,506,5,3,55,red
23,0,507,15,0,15,red
24,0,465,20,0,350,red
24,2,467,5,2,365,red
24,1,468,15,1,365,red
24,2,469,15,2,345,red
24,0,470,0,0,345,red
24,1,471,15,1,280,red
24,0,472,20,0,275,red
24,1,473,15,1,260,red
24,2,474,20,2,285,red
24,3,475,15,3,150,red
24,0,476,20,0,235,red
24,2,477,20,2,250,red
24,4,478,15,4,145,red
24,1,479,15,1,240,red
24,2,480,20,2,220,red
24,0,481,15,0,210,red
24,1,482,20,1,220,red
24,3,483,15,3,130,red
24,0,484,15,0,190,red
24,2,485,15,2,195,red
24,4,486,15,4,125,red
24,1,487,15,1,180,red
24,2,488,15,2,165,red
24,3,489,0,3,80,red
24,0,490,15,0,170,red
24,1,491,15,1,150,red
24,0,492,20,0,150,red
24,2,493,15,2,145,red
24,3,494,0,3,75,red
24,4,495,0,4,80,red
24,1,496,15,1,130,red
24,2,497,15,2,125,red
24,0,498,15,0,110,red
24,1,499,20,1,110,red
24,3,500,10,3,70,red
24,4,501,5,4,75,red
24,0,502,15,0,90,red
24,2,503,15,2,100,red
24,1,504,20,1,80,red
24,2,505,20,2,80,red
24,3,506,0,3,55,red
24,0,507,15,0,30,red
24,2,508,20,2,20,red
25,0,465,20,0,370,red
25,2,467,15,2,380,red
25,1,468,15,1,380,red
25,2,469,15,2,360,red
25,0,470,0,0,345,red
25,1,471,15,1,295,red
25,0,472,20,0,295,red
25,1,473,15,1,275,red
25,2,474,15,2,300,red
25,3,475,15,3,165,red
25,0,476,15,0,250,red
25,2,477,20,2,270,red
25,4,478,10,4,155,red
25,1,479,15,1,255,red
25,2,480,20,2,240,red
25,0,481,20,0,230,red
25,1,482,15,1,235,red
25,3,483,15,3,145,red
25,0,484,15,0,205,red
25,2,485,15,2,210,red
25,4,486,15,4,140,red
25,1,487,20,1,200,red
25,2,488,20,2,185,red
25,3,489,0,3,80,red
25,0,490,15,0,185,red
25,1,491,15,1,165,red
25,0,492,15,0,165,red
25,2,493,15,2,160,red
25,3,494,0,3,75,red
25,4,495,0,4,80,red
25,1,496,15,1,145,red
25,2,497,15,2,140,red
25,0,498,15,0,125,red
25,1,499,15,1,125,red
25,3,500,0,3,70,red
25,4,501,0,4,75,red
25,0,502,15,0,105,red
25,2,503,20,2,120,red
25,1,504,20,1,100,red
25,2,505,15,2,95,red
25,3,506,5,3,60,red
25,0,507,15,0,45,red
25,2,508,20,2,40,red
25,1,509,15,1,15,red
26,0,465,15,0,385,red
26,1,468,15,1,380,red
26,2,469,15,2,375,red
26,0,470,5,0,350,red
26,1,471,15,1,310,red
26,0,472,20,0,315,red
26,1,473,15,1,290,red
26,2,474,15,2,315,red
26,3,475,20,3,185,red
26,0,476,15,0,265,red
26,2,477,20,2,290,red
26,4,478,5,3,160,red
26,1,479,15,1,270,red
26,2,480,20,2,260,red
26,0,481,15,0,245,red
26,1,482,15,1,250,red
26,3,483,15,3,160,red
26,0,484,15,0,220,red
26,2,485,20,2,230,red
26,4,486,10,4,150,red
26,1,487,15,1,215,red
26,2,488,15,2,200,red
26,3,489,0,3,80,red
26,0,490,15,0,200,red
26,1,491,15,1,180,red
26,0,492,15,0,180,red
26,2,493,15,2,175,red
26,3,494,0,3,75,red
26,4,495,0,4,80,red
26,1,496,15,1,160,red
26,2,497,15,2,155,red
26,0,498,20,0,145,red
26,1,499,15,1,140,red
26,3,500,0,3,70,red
26,4,501,0,4,75,red
26,0,502,15,0,120,red
26,2,503,15,2,135,red
26,1,504,20,1,120,red
26,2,505,20,2,115,red
26,3,506,5,3,65,red
26,0,507,15,0,60,red
26,2,508,15,2,55,red
26,1,509,20,1,35,red
26,0,510,20,0,20,red
27,1,468,15,1,380,red
27,2,469,15,2,390,red
27,0,470,15,0,365,red
27,1,471,15,1,325,red
27,0,472,15,0,330,red
27,1,473,15,1,305,red
27,2,474,20,2,335,red
27,3,475,5,2,190,red
27,0,476,20,0,285,red
27,2,477,15,2,305,red
27,4,478,10,3,170,red
27,1,479,15,1,285,red
27,2,480,20,2,280,red
27,0,481,15,0,260,red
27,1,482,15,1,265,red
27,3,483,15,3,175,red
27,0,484,15,0,235,red
27,2,485,15,2,245,red
27,4,486,5,3,155,red
27,1,487,15,1,230,red
27,2,488,20,2,220,red
27,3,489,0,3,80,red
27,0,490,15,0,215,red
27,1,491,20,1,200,red
27,0,492,15,0,195,red
27,2,493,20,2,195,red
27,3,494,0,3,75,red
27,4,495,0,4,80,red
27,1,496,15,1,175,red
27,2,497,15,2,170,red
27,0,498,20,0,165,red
27,1,499,15,1,155,red
27,3,500,0,3,70,red
27,4,501,0,4,75,red
27,0,502,15,0,135,red
27,2,503,15,2,150,red
27,1,504,15,1,135,red
27,2,505,15,2,130,red
27,3,506,0,3,65,red
27,0,507,15,0,75,red
27,2,508,20,2,75,red
27,1,509,15,1,50,red
27,0,510,20,0,40,red
28,2,469,15,2,390,red
28,0,470,20,0,385,red
28,1,471,15,1,340,red
28,0,472,20,0,350,red
28,1,473,15,1,320,red
28,2,474,15,2,350,red
28,3,475,0,2,190,red
28,0,476,15,0,300,red
28,2,477,20,2,325,red
28,4,478,0,3,170,red
28,1,479,15,1,300,red
28,2,480,20,2,300,red
28,0,481,15,0,275,red
28,1,482,15,1,280,red
28,3,483,20,3,195,red
28,0,484,20,0,255,red
28,2,485,20,2,265,red
28,4,486,10,3,165,red
28,1,487,15,1,245,red
28,2,488,20,2,240,red
28,3,489,0,3,80,red
28,0,490,15,0,230,red
28,1,491,15,1,215,red
28,0,492,15,0,210,red
28,2,493,15,2,210,red
28,3,494,0,3,75,red
28,4,495,0,4,80,red
28,1,496,15,1,190,red
28,2,497,15,2,185,red
28,0,498,15,0,180,red
28,1,499,15,1,170,red
28,3,500,0,3,70,red
28,4,501,0,4,75,red
28,0,502,15,0,150,red
28,2,503,15,2,165,red
28,1,504,15,1,150,red
28,2,505,15,2,145,red
28,3,506,0,3,65,red
28,0,507,20,0,95,red
28,2,508,15,2,90,red
28,1,509,15,1,65,red
28,0,510,15,0,55,red
29,0,470,20,0,385,red
29,1,471,20,1,360,red
29,0,472,15,0,365,red
29,1,473,15,1,335,red
29,2,474,20,2,370,red
29,3,475,10,2,200,red
29,0,476,15,0,315,red
29,2,477,20,2,345,red
29,4,478,5,3,175,red
29,1,479,15,1,315,red
29,2,480,15,2,315,red
29,0,481,20,0,295,red
29,1,482,15,1,295,red
29,3,483,20,3,215,red
29,0,484,15,0,270,red
29,2,485,20,2,285,red
29,4,486,0,3,165,red
29,1,487,20,1,265,red
29,2,488,20,2,260,red
29,3,489,0,3,80,red
29,0,490,20,0,250,red
29,1,491,15,1,230,red
29,0,492,15,0,225,red
29,2,493,15,2,225,red
29,3,494,0,3,75,red
29,4,495,0,4,80,red
29,1,496,15,1,205,red
29,2,497,0,2,185,red
29,0,498,20,0,200,red
29,1,499,15,1,185,red
29,3,500,0,3,70,red
29,4,501,0,4,75,red
29,0,502,15,0,165,red
29,2,503,15,2,180,red
29,1,504,15,1,165,red
29,2,505,15,2,160,red
29,3,506,0,3,65,red
29,0,507,20,0,115,red
29,2,508,15,2,105,red
29,1,509,15,1,80,red
29,0,510,15,0,70,red
30,1,471,20,1,360,green
30,0,472,15,0,380,green
30,1,473,15,1,350,green
30,2,474,20,2,390,green
30,3,475,20,2,220,green
30,0,476,20,0,335,green
30,2,477,20,2,365,green
30,4,478,10,3,185,green
30,1,479,15,1,330,green
30,2,480,20,2,335,green
30,0,481,15,0,310,green
30,1,482,15,1,310,green
30,3,483,5,2,220,green
30,0,484,15,0,285,green
30,2,485,15,2,300,green
30,4,486,5,3,170,green
30,1,487,15,1,280,green
30,2,488,15,2,275,green
30,3,489,10,3,90,green
30,0,490,15,0,265,green
30,1,491,20,1,250,green
30,0,492,20,0,245,green
30,2,493,15,2,240,green
30,3,494,0,3,75,green
30,4,495,5,4,85,green
30,1,496,20,1,225,green
30,2,497,5,2,190,green
30,0,498,15,0,215,green
30,1,499,15,1,200,green
30,3,500,0,3,70,green
30,4,501,0,4,75,green
30,0,502,15,0,180,green
30,2,503,0,2,180,green
30,1,504,15,1,180,green
30,2,505,15,2,175,green
30,3,506,0,3,65,green
30,0,507,20,0,135,green
30,2,508,15,2,120,green
30,1,509,15,1,95,green
30,0,510,15,0,85,green
30,0,511,20,0,20,green
30,1,512,20,1,20,green
30,2,513,20,2,20,green
31,1,471,15,1,375,green
31,1,473,15,1,350,green
31,3,475,20,2,220,green
31,0,476,15,0,350,green
31,2,477,15,2,380,green
31,4,478,20,3,205,green
31,1,479,15,1,345,green
31,2,480,15,2,350,green
31,0,481,15,0,325,green
31,1,482,15,1,325,green
31,3,483,10,2,230,green
31,0,484,15,0,300,green
31,2,485,15,2,315,green
31,4,486,10,3,180,green
31,1,487,20,1,300,green
31,2,488,20,2,295,green
31,3,489,20,3,110,green
31,0,490,15,0,280,green
31,1,491,15,1,265,green
31,0,492,15,0,260,green
31,2,493,15,2,255,green
31,3,494,5,3,80,green
31,4,495,10,4,95,green
31,1,496,20,1,245,green
31,2,497,10,2,200,green
31,0,498,15,0,230,green
31,1,499,20,1,220,green
31,3,500,0,3,70,green
31,4,501,10,4,85,green
31,0,502,15,0,195,green
31,2,503,5,2,185,green
31,1,504,15,1,195,green
31,2,505,0,2,175,green
31,3,506,0,3,65,green
31,0,507,20,0,155,green
31,2,508,20,2,140,green
31,1,509,15,1,110,green
31,0,510,15,0,100,green
31,0,511,15,0,35,green
31,1,512,20,1,40,green
31,2,513,20,2,40,green
31,1,514,15,1,15,green
31,2,515,15,2,15,green
32,1,473,15,1,350,red
32,3,475,5,2,225,red
32,0,476,15,0,365,red
32,4,478,20,3,205,red
32,1,479,0,1,345,red
32,2,480,15,2,365,red
32,0,481,15,0,340,red
32,1,482,15,1,340,red
32,3,483,15,2,245,red
32,0,484,20,0,320,red
32,2,485,20,2,335,red
32,4,486,15,3,195,red
32,1,487,15,1,315,red
32,2,488,15,2,310,red
32,3,489,20,3,130,red
32,0,490,15,0,295,red
32,1,491,20,1,285,red
32,0,492,15,0,275,red
32,2,493,20,2,275,red
32,3,494,0,3,80,red
32,4,495,20,4,115,red
32,1,496,15,1,260,red
32,2,497,15,2,215,red
32,0,498,15,0,245,red
32,1,499,20,1,240,red
32,3,500,5,3,75,red
32,4,501,5,4,90,red
32,0,502,20,0,215,red
32,2,503,10,2,195,red
32,1,504,20,1,215,red
32,2,505,5,2,180,red
32,3,506,0,3,65,red
32,0,507,15,0,170,red
32,2,508,15,2,155,red
32,1,509,20,1,130,red
32,0,510,20,0,120,red
32,0,511,15,0,50,red
32,1,512,20,1,60,red
32,2,513,20,2,60,red
32,1,514,20,1,35,red
32,2,515,20,2,35,red
32,0,516,20,0,20,red
33,1,473,15,1,365,red
33,3,475,10,2,235,red
33,0,476,15,0,380,red
33,4,478,5,2,210,red
33,1,479,0,1,345,red
33,2,480,20,2,385,red
33,0,481,20,0,360,red
33,1,482,0,1,340,red
33,3,483,15,2,260,red
33,0,484,15,0,335,red
33,2,485,20,2,355,red
33,4,486,5,3,200,red
33,1,487,20,1,335,red
33,2,488,20,2,330,red
33,3,489,5,2,135,red
33,0,490,20,0,315,red
33,1,491,20,1,305,red
33,0,492,15,0,290,red
33,2,493,15,2,290,red
33,3,494,0,3,80,red
33,4,495,5,3,120,red
33,1,496,15,1,275,red
33,2,497,5,2,220,red
33,0,498,20,0,265,red
33,1,499,15,1,255,red
33,3,500,0,3,75,red
33,4,501,10,4,100,red
33,0,502,20,0,235,red
33,2,503,15,2,210,red
33,1,504,20,1,235,red
33,2,505,10,2,190,red
33,3,506,5,3,70,red
33,0,507,15,0,185,red
33,2,508,20,2,175,red
33,1,509,20,1,150,red
33,0,510,15,0,135,red
33,0,511,15,0,65,red
33,1,512,15,1,75,red
33,2,513,15,2,75,red
33,1,514,15,1,50,red
33,2,515,15,2,50,red
33,0,516,15,0,35,red
33,0,517,15,0,15,red
33,1,518,20,1,20,red
33,2,519,15,2,15,red
34,1,473,15,1,380,red
34,3,475,20,2,255,red
34,4,478,5,2,210,red
34,1,479,10,1,355,red
34,0,481,20,0,360,red
34,1,482,0,1,340,red
34,3,483,15,2,275,red
34,0,484,15,0,350,red
34,2,485,15,2,370,red
34,4,486,5,2,205,red
34,1,487,0,1,335,red
34,2,488,15,2,345,red
34,3,489,15,2,150,red
34,0,490,15,0,330,red
34,1,491,20,1,325,red
34,0,492,20,0,310,red
34,2,493,15,2,305,red
34,3,494,0,3,80,red
34,4,495,5,2,125,red
34,1,496,20,1,295,red
34,2,497,10,2,230,red
34,0,498,15,0,280,red
34,1,499,15,1,270,red
34,3,500,0,3,75,red
34,4,501,15,4,115,red
34,0,502,20,0,255,red
34,2,503,15,1,225,red
34,1,504,15,1,250,red
34,2,505,15,2,205,red
34,3,506,0,3,70,red
34,0,507,15,0,200,red
34,2,508,20,1,195,red
34,1,509,20,1,170,red
34,0,510,20,0,155,red
34,0,511,20,0,85,red
34,1,512,20,1,95,red
34,2,513,20,2,95,red
34,1,514,20,1,70,red
34,2,515,20,2,70,red
34,0,516,15,0,50,red
34,0,517,15,0,30,red
34,1,518,15,1,35,red
34,2,519,20,2,35,red
34,1,520,15,1,15,red
34,2,521,10,2,10,red
35,3,475,20,2,255,red
35,4,478,10,2,220,red
35,1,479,15,1,370,red
35,0,481,20,0,380,red
35,1,482,5,1,345,red
35,3,483,15,2,290,red
35,0,484,5,0,355,red
35,2,485,20,2,390,red
35,4,486,15,1,220,red
35,1,487,0,1,335,red
35,2,488,15,2,360,red
35,3,489,15,2,165,red
35,0,490,15,0,345,red
35,1,491,15,2,340,red
35,0,492,15,0,325,red
35,2,493,20,2,325,red
35,3,494,0,3,80,red
35,4,495,15,2,140,red
35,1,496,15,1,310,red
35,2,497,15,2,245,red
35,0,498,20,0,300,red
35,1,499,20,1,290,red
35,3,500,0,3,75,red
35,4,501,5,3,120,red
35,0,502,20,0,275,red
35,2,503,15,1,240,red
35,1,504,15,1,265,red
35,2,505,15,1,220,red
35,3,506,0,3,70,red
35,0,507,15,0,215,red
35,2,508,15,1,210,red
35,1,509,20,1,190,red
35,0,510,20,0,175,red
35,0,511,15,0,100,red
35,1,512,15,1,110,red
35,2,513,20,2,115,red
35,1,514,20,1,90,red
35,2,515,20,2,90,red
35,0,516,20,0,70,red
35,0,517,15,0,45,red
35,1,518,15,1,50,red
35,2,519,20,2,55,red
35,1,520,15,1,30,red
35,2,521,20,2,30,red
35,0,522,20,0,20,red
35,2,523,5,2,5,red
36,3,475,20,2,275,red
36,4,478,15,2,235,red
36,1,479,15,1,385,red
36,1,482,5,1,345,red
36,3,483,20,2,310,red
36,0,484,10,0,365,red
36,4,486,15,1,220,red
36,1,487,5,1,340,red
36,2,488,20,2,380,red
36,3,489,20,2,185,red
36,0,490,5,0,350,red
36,1,491,15,2,355,red
36,0,492,15,0,340,red
36,2,493,10,2,335,red
36,3,494,0,3,80,red
36,4,495,15,2,155,red
36,1,496,20,1,330,red
36,2,497,5,2,250,red
36,0,498,20,0,320,red
36,1,499,15,1,305,red
36,3,500,0,3,75,red
36,4,501,15,3,135,red
36,0,502,15,0,290,red
36,2,503,15,1,255,red
36,1,504,15,1,280,red
36,2,505,15,1,235,red
36,3,506,0,3,70,red
36,0,507,15,0,230,red
36,2,508,5,1,215,red
36,1,509,15,1,205,red
36,0,510,20,0,195,red
36,0,511,20,0,120,red
36,1,512,15,1,125,red
36,2,513,20,2,135,red
36,1,514,15,1,105,red
36,2,515,20,2,110,red
36,0,516,20,0,90,red
36,0,517,20,0,65,red
36,1,518,15,1,65,red
36,2,519,20,2,75,red
36,1,520,15,1,45,red
36,2,521,15,2,45,red
36,0,522,20,0,40,red
36,2,523,15,2,20,red
36,0,524,15,0,15,red
36,1,525,20,1,20,red
37,3,475,15,2,290,red
37,4,478,10,2,245,red
37,1,482,5,1,345,red
37,3,483,15,2,325,red
37,0,484,15,0,380,red
37,4,486,10,1,230,red
37,1,487,0,1,340,red
37,3,489,20,2,185,red
37,0,490,10,0,360,red
37,1,491,15,2,370,red
37,0,492,5,0,345,red
37,2,493,15,2,350,red
37,3,494,0,3,80,red
37,4,495,15,2,170,red
37,1,496,5,1,335,red
37,2,497,10,2,260,red
37,0,498,15,0,335,red
37,1,499,15,1,320,red
37,3,500,0,3,75,red
37,4,501,20,3,155,red
37,0,502,15,0,305,red
37,2,503,15,1,270,red
37,1,504,20,1,300,red
37,2,505,15,1,250,red
37,3,506,0,3,70,red
37,0,507,15,0,245,red
37,2,508,10,2,225,red
37,1,509,20,2,225,red
37,0,510,20,0,215,red
37,0,511,15,0,135,red
37,1,512,15,1,140,red
37,2,513,15,2,150,red
37,1,514,15,1,120,red
37,2,515,20,2,130,red
37,0,516,20,0,110,red
37,0,517,15,0,80,red
37,1,518,15,1,80,red
37,2,519,15,2,90,red
37,1,520,15,1,60,red
37,2,521,20,2,65,red
37,0,522,15,0,55,red
37,2,523,15,2,35,red
37,0,524,20,0,35,red
37,1,525,15,1,35,red
37,1,526,15,1,15,red
37,2,527,15,2,15,red
37,3,528,20,3,20,red
37,4,529,20,4,20,red
38,3,475,15,2,305,red
38,4,478,10,2,255,red
38,1,482,10,1,355,red
38,3,483,15,2,340,red
38,4,486,10,1,230,red
38,1,487,0,1,340,red
38,3,489,20,2,205,red
38,0,490,15,0,375,red
38,1,491,15,2,385,red
38,0,492,10,0,355,red
38,2,493,15,2,365,red
38,3,494,0,3,80,red
38,4,495,10,2,180,red
38,1,496,10,2,345,red
38,2,497,20,2,280,red
38,0,498,5,0,340,red
38,1,499,10,1,330,red
38,3,500,0,3,75,red
38,4,501,15,3,170,red
38,0,502,15,0,320,red
38,2,503,20,1,290,red
38,1,504,15,1,315,red
38,2,505,15,1,265,red
38,3,506,0,3,70,red
38,0,507,15,0,260,red
38,2,508,15,2,240,red
38,1,509,15,2,240,red
38,0,510,20,0,235,red
38,0,511,20,0,155,red
38,1,512,15,1,155,red
38,2,513,15,2,165,red
38,1,514,15,1,135,red
38,2,515,15,2,145,red
38,0,516,20,0,130,red
38,0,517,20,0,100,red
38,1,518,20,1,100,red
38,2,519,15,2,105,red
38,1,520,15,1,75,red
38,2,521,15,2,80,red
38,0,522,20,0,75,red
38,2,523,20,2,55,red
38,0,524,15,0,50,red
38,1,525,20,1,55,red
38,1,526,15,1,30,red
38,2,527,15,2,30,red
38,3,528,15,3,35,red
38,4,529,20,4,40,red
38,0,530,20,0,20,red
39,3,475,20,2,325,red
39,4,478,15,2,270,red
39,1,482,20,1,375,red
39,3,483,0,2,340,red
39,4,486,15,1,245,red
39,1,487,10,1,350,red
39,3,489,20,2,225,red
39,0,490,15,0,390,red
39,0,492,10,0,355,red
39,2,493,15,2,380,red
39,3,494,0,3,80,red
39,4,495,15,2,195,red
39,1,496,15,2,360,red
39,2,497,20,2,300,red
39,0,498,10,0,350,red
39,1,499,5,1,335,red
39,3,500,0,3,75,red
39,4,501,20,3,190,red
39,0,502,15,0,335,red
39,2,503,15,1,305,red
39,1,504,10,1,325,red
39,2,505,15,1,280,red
39,3,506,0,3,70,red
39,0,507,15,0,275,red
39,2,508,10,2,250,red
39,1,509,10,2,250,red
39,0,510,15,0,250,red
39,0,511,15,0,170,red
39,1,512,15,1,170,red
39,2,513,10,2,175,red
39,1,514,15,1,150,red
39,2,515,15,2,160,red
39,0,516,15,0,145,red
39,0,517,15,0,115,red
39,1,518,20,1,120,red
39,2,519,15,2,120,red
39,1,520,15,1,90,red
39,2,521,20,2,100,red
39,0,522,15,0,90,red
39,2,523,15,2,70,red
39,0,524,15,0,65,red
39,1,525,15,1,70,red
39,1,526,15,1,45,red
39,2,527,15,2,45,red
39,3,528,15,3,50,red
39,4,529,15,4,55,red
39,0,530,20,0,40,red
39,0,531,15,0,15,red
39,1,532,20,1,20,red
39,2,533,20,2,20,red
40,3,475,10,2,335,green
40,4,478,20,2,290,green
40,1,482,15,1,390,green
40,3,483,5,2,345,green
40,4,486,20,1,265,green
40,1,487,15,1,365,green
40,3,489,15,2,240,green
40,0,492,10,0,355,green
40,3,494,0,3,80,green
40,4,495,15,2,210,green
40,1,496,15,2,375,green
40,2,497,15,2,315,green
40,0,498,0,0,350,green
40,1,499,10,1,345,green
40,3,500,0,3,75,green
40,4,501,15,3,205,green
40,0,502,10,0,345,green
40,2,503,15,1,320,green
40,1,504,5,1,330,green
40,2,505,15,1,295,green
40,3,506,0,3,70,green
40,0,507,20,0,295,green
40,2,508,15,2,265,green
40,1,509,15,2,265,green
40,0,510,20,0,270,green
40,0,511,20,0,190,green
40,1,512,20,1,190,green
40,2,513,15,2,190,green
40,1,514,15,1,165,green
40,2,515,10,2,170,green
40,0,516,15,0,160,green
40,0,517,15,0,130,green
40,1,518,15,1,135,green
40,2,519,20,2,140,green
40,1,520,20,1,110,green
40,2,521,15,2,115,green
40,0,522,20,0,110,green
40,2,523,20,2,90,green
40,0,524,15,0,80,green
40,1,525,15,1,85,green
40,1,526,15,1,60,green
40,2,527,20,2,65,green
40,3,528,15,3,65,green
40,4,529,15,4,70,green
40,0,530,20,0,60,green
40,0,531,15,0,30,green
40,1,532,15,1,35,green
40,2,533,15,2,35,green
40,1,534,15,1,15,green
40,2,535,15,2,15,green
40,4,536,15,4,15,green
41,3,475,5,2,340,green
41,4,478,20,2,310,green
41,3,483,5,2,345,green
41,4,486,20,1,285,green
41,1,487,20,1,385,green
41,3,489,20,2,260,green
41,0,492,15,0,370,green
41,3,494,5,3,85,green
41,4,495,15,2,225,green
41,2,497,15,2,315,green
41,0,498,0,0,350,green
41,1,499,15,1,360,green
41,3,500,0,3,75,green
41,4,501,15,3,220,green
41,0,502,0,0,345,green
41,2,503,20,0,340,green
41,1,504,10,1,340,green
41,2,505,15,1,310,green
41,3,506,0,3,70,green
41,0,507,20,0,315,green
41,2,508,20,2,285,green
41,1,509,15,2,280,green
41,0,510,20,0,290,green
41,0,511,20,0,210,green
41,1,512,15,1,205,green
41,2,513,15,2,205,green
41,1,514,15,1,180,green
41,2,515,15,2,185,green
41,0,516,15,0,175,green
41,0,517,15,0,145,green
41,1,518,20,1,155,green
41,2,519,20,2,160,green
41,1,520,20,1,130,green
41,2,521,15,2,130,green
41,0,522,15,0,125,green
41,2,523,15,2,105,green
41,0,524,20,0,100,green
41,1,525,20,1,105,green
41,1,526,20,1,80,green
41,2,527,15,2,80,green
41,3,528,0,3,65,green
41,4,529,15,4,85,green
41,0,530,15,0,75,green
41,0,531,20,0,50,green
41,1,532,15,1,50,green
41,2,533,15,2,50,green
41,1,534,15,1,30,green
41,2,535,15,2,30,green
41,4,536,15,4,30,green
41,0,537,15,0,15,green
42,3,475,0,2,340,red
42,4,478,0,2,310,red
42,3,483,10,2,355,red
42,4,486,15,1,300,red
42,3,489,20,2,260,red
42,0,492,15,0,385,red
42,3,494,15,3,100,red
42,4,495,20,2,245,red
42,2,497,20,2,335,red
42,0,498,10,0,360,red
42,1,499,15,1,375,red
42,3,500,5,3,80,red
42,4,501,0,3,220,red
42,0,502,0,0,345,red
42,2,503,0,0,340,red
42,1,504,15,1,355,red
42,2,505,15,1,325,red
42,3,506,0,3,70,red
42,0,507,15,0,330,red
42,2,508,20,2,305,red
42,1,509,0,2,280,red
42,0,510,15,0,305,red
42,0,511,15,0,225,red
42,1,512,20,1,225,red
42,2,513,15,2,220,red
42,1,514,20,1,200,red
42,2,515,15,2,200,red
42,0,516,15,0,190,red
42,0,517,15,0,160,red
42,1,518,20,1,175,red
42,2,519,15,2,175,red
42,1,520,20,1,150,red
42,2,521,15,2,145,red
42,0,522,15,0,140,red
42,2,523,20,2,125,red
42,0,524,15,0,115,red
42,1,525,20,1,125,red
42,1,526,15,1,95,red
42,2,527,20,2,100,red
42,3,528,0,3,65,red
42,4,529,15,4,100,red
42,0,530,15,0,90,red
42,0,531,20,0,70,red
42,1,532,15,1,65,red
42,2,533,15,2,65,red
42,1,534,15,1,45,red
42,2,535,15,2,45,red
42,4,536,15,4,45,red
42,0,537,20,0,35,red
42,0,538,10,0,10,red
42,1,539,15,1,15,red
42,2,540,20,2,20,red
43,3,475,10,2,350,red
43,4,478,5,2,315,red
43,3,483,20,2,375,red
43,4,486,20,1,320,red
43,3,489,15,2,275,red
43,3,494,15,3,100,red
43,4,495,10,2,255,red
43,2,497,15,1,350,red
43,0,498,15,0,375,red
43,1,499,15,1,390,red
43,3,500,0,3,80,red
43,4,501,0,3,220,red
43,0,502,10,0,355,red
43,2,503,10,1,350,red
43,1,504,15,1,370,red
43,2,505,15,1,340,red
43,3,506,5,3,75,red
43,0,507,5,0,335,red
43,2,508,0,2,305,red
43,1,509,10,2,290,red
43,0,510,15,0,320,red
43,0,511,20,0,245,red
43,1,512,15,1,240,red
43,2,513,20,2,240,red
43,1,514,15,1,215,red
43,2,515,15,2,215,red
43,0,516,15,0,205,red
43,0,517,20,0,180,red
43,1,518,20,1,195,red
43,2,519,20,2,195,red
43,1,520,20,1,170,red
43,2,521,15,2,160,red
43,0,522,15,0,155,red
43,2,523,15,2,140,red
43,0,524,20,0,135,red
43,1,525,20,1,145,red
43,1,526,20,1,115,red
43,2,527,20,2,120,red
43,3,528,0,3,65,red
43,4,529,15,4,115,red
43,0,530,15,0,105,red
43,0,531,15,0,85,red
43,1,532,15,1,80,red
43,2,533,15,2,80,red
43,1,534,15,1,60,red
43,2,535,15,2,60,red
43,4,536,20,4,65,red
43,0,537,20,0,55,red
43,0,538,20,0,30,red
43,1,539,15,1,30,red
43,2,540,20,2,40,red
43,3,541,15,3,15,red
44,3,475,20,2,370,red
44,4,478,15,2,330,red
44,4,486,20,1,320,red
44,3,489,10,2,285,red
44,3,494,20,3,120,red
44,4,495,15,2,270,red
44,2,497,15,1,365,red
44,0,498,15,0,390,red
44,3,500,0,3,80,red
44,4,501,0,3,220,red
44,0,502,15,0,370,red
44,2,503,15,1,365,red
44,1,504,15,1,385,red
44,2,505,5,1,345,red
44,3,506,0,3,75,red
44,0,507,10,0,345,red
44,2,508,5,2,310,red
44,1,509,10,2,300,red
44,0,510,10,0,330,red
44,0,511,20,0,265,red
44,1,512,20,1,260,red
44,2,513,10,2,250,red
44,1,514,15,1,230,red
44,2,515,15,2,230,red
44,0,516,15,0,220,red
44,0,517,20,0,200,red
44,1,518,15,1,210,red
44,2,519,15,2,210,red
44,1,520,15,1,185,red
44,2,521,20,2,180,red
44,0,522,20,0,175,red
44,2,523,15,2,155,red
44,0,524,15,0,150,red
44,1,525,20,1,165,red
44,1,526,15,1,130,red
44,2,527,15,2,135,red
44,3,528,5,3,70,red
44,4,529,5,3,120,red
44,0,530,20,0,125,red
44,0,531,15,0,100,red
44,1,532,15,1,95,red
44,2,533,15,2,95,red
44,1,534,15,1,75,red
44,2,535,15,2,75,red
44,4,536,15,4,80,red
44,0,537,20,0,75,red
44,0,538,20,0,50,red
44,1,539,15,1,45,red
44,2,540,15,2,55,red
44,3,541,15,3,30,red
44,1,542,15,1,15,red
44,2,543,15,2,15,red
44,4,544,15,4,15,red
45,3,475,15,2,385,red
45,4,478,15,2,345,red
45,4,486,15,1,335,red
45,3,489,10,2,295,red
45,3,494,5,2,125,red
45,4,495,20,1,290,red
45,2,497,15,1,380,red
45,3,500,0,3,80,red
45,4,501,5,2,225,red
45,0,502,15,0,385,red
45,2,503,15,1,380,red
45,2,505,5,1,345,red
45,3,506,0,3,75,red
45,0,507,15,0,360,red
45,2,508,15,2,325,red
45,1,509,15,1,315,red
45,0,510,10,0,340,red
45,0,511,15,0,280,red
45,1,512,20,1,280,red
45,2,513,15,2,265,red
45,1,514,15,1,245,red
45,2,515,15,2,245,red
45,0,516,15,0,235,red
45,0,517,15,0,215,red
45,1,518,15,1,225,red
45,2,519,15,2,225,red
45,1,520,20,1,205,red
45,2,521,20,2,200,red
45,0,522,20,0,195,red
45,2,523,20,2,175,red
45,0,524,20,0,170,red
45,1,525,15,1,180,red
45,1,526,20,1,150,red
45,2,527,15,2,150,red
45,3,528,0,3,70,red
45,4,529,5,2,125,red
45,0,530,15,0,140,red
45,0,531,20,0,120,red
45,1,532,15,1,110,red
45,2,533,15,2,110,red
45,1,534,15,1,90,red
45,2,535,15,2,90,red
45,4,536,0,4,80,red
45,0,537,15,0,90,red
45,0,538,15,0,65,red
45,1,539,15,1,60,red
45,2,540,15,2,70,red
45,3,541,15,3,45,red
45,1,542,20,1,35,red
45,2,543,20,2,35,red
45,4,544,15,4,30,red
45,0,545,20,0,20,red
45,2,546,10,2,10,red
46,4,478,15,2,345,red
46,4,486,5,1,340,red
46,3,489,15,2,310,red
46,3,494,10,2,135,red
46,4,495,15,1,305,red
46,3,500,0,3,80,red
46,4,501,15,2,240,red
46,2,503,15,1,380,red
46,2,505,15,1,360,red
46,3,506,0,3,75,red
46,0,507,15,0,375,red
46,2,508,15,2,340,red
46,1,509,15,1,330,red
46,0,510,15,0,355,red
46,0,511,20,0,300,red
46,1,512,5,1,285,red
46,2,513,20,2,285,red
46,1,514,15,1,260,red
46,2,515,15,2,260,red
46,0,516,15,0,250,red
46,0,517,15,0,230,red
46,1,518,15,1,240,red
46,2,519,15,2,240,red
46,1,520,15,1,220,red
46,2,521,15,2,215,red
46,0,522,15,0,210,red
46,2,523,15,2,190,red
46,0,524,20,0,190,red
46,1,525,15,1,195,red
46,1,526,20,1,170,red
46,2,527,15,2,165,red
46,3,528,0,3,70,red
46,4,529,10,2,135,red
46,0,530,20,0,160,red
46,0,531,15,0,135,red
46,1,532,20,1,130,red
46,2,533,10,2,120,red
46,1,534,15,1,105,red
46,2,535,15,2,105,red
46,4,536,0,4,80,red
46,0,537,15,0,105,red
46,0,538,20,0,85,red
46,1,539,20,1,80,red
46,2,540,15,2,85,red
46,3,541,20,3,65,red
46,1,542,15,1,50,red
46,2,543,20,2,55,red
46,4,544,15,4,45,red
46,0,545,15,0,35,red
46,2,546,20,2,30,red
47,4,478,20,2,365,red
47,4,486,15,1,355,red
47,3,489,15,2,325,red
47,3,494,15,2,150,red
47,4,495,20,1,325,red
47,3,500,0,3,80,red
47,4,501,15,2,255,red
47,2,505,15,1,360,red
47,3,506,0,3,75,red
47,2,508,15,2,340,red
47,1,509,20,0,350,red
47,0,510,15,0,370,red
47,0,511,20,0,320,red
47,1,512,15,1,300,red
47,2,513,20,2,305,red
47,1,514,15,1,275,red
47,2,515,15,2,275,red
47,0,516,15,0,265,red
47,0,517,15,0,245,red
47,1,518,15,1,255,red
47,2,519,15,2,255,red
47,1,520,15,1,235,red
47,2,521,20,2,235,red
47,0,522,15,0,225,red
47,2,523,20,2,210,red
47,0,524,15,0,205,red
47,1,525,20,1,215,red
47,1,526,15,1,185,red
47,2,527,20,2,185,red
47,3,528,0,3,70,red
47,4,529,15,2,150,red
47,0,530,20,0,180,red
47,0,531,15,0,150,red
47,1,532,20,1,150,red
47,2,533,10,2,130,red
47,1,534,15,1,120,red
47,2,535,10,2,115,red
47,4,536,0,4,80,red
47,0,537,15,0,120,red
47,0,538,15,0,100,red
47,1,539,15,1,95,red
47,2,540,15,2,100,red
47,3,541,0,3,65,red
47,1,542,15,1,65,red
47,2,543,20,2,75,red
47,4,544,15,4,60,red
47,0,545,15,0,50,red
47,2,546,20,2,50,red
48,4,478,15,2,380,red
48,4,486,0,1,355,red
48,3,489,10,2,335,red
48,3,494,20,2,170,red
48,4,495,15,1,340,red
48,3,500,0,3,80,red
48,4,501,15,2,270,red
48,2,505,15,1,375,red
48,3,506,0,3,75,red
48,2,508,20,2,360,red
48,1,509,15,0,365,red
48,0,510,15,0,385,red
48,0,511,15,0,335,red
48,1,512,15,1,315,red
48,2,513,15,2,320,red
48,1,514,15,1,290,red
48,2,515,15,2,290,red
48,0,516,20,0,285,red
48,0,517,15,0,260,red
48,1,518,15,1,270,red
48,2,519,15,2,270,red
48,1,520,15,1,250,red
48,2,521,15,2,250,red
48,0,522,15,0,240,red
48,2,523,20,2,230,red
48,0,524,15,0,220,red
48,1,525,15,1,230,red
48,1,526,20,1,205,red
48,2,527,15,2,200,red
48,3,528,0,3,70,red
48,4,529,20,2,170,red
48,0,530,20,0,200,red
48,0,531,20,0,170,red
48,1,532,20,1,170,red
48,2,533,15,2,145,red
48,1,534,15,1,135,red
48,2,535,10,2,125,red
48,4,536,0,4,80,red
48,0,537,15,0,135,red
48,0,538,15,0,115,red
48,1,539,20,1,115,red
48,2,540,10,2,110,red
48,3,541,0,3,65,red
48,1,542,15,1,80,red
48,2,543,20,2,95,red
48,4,544,15,4,75,red
48,0,545,15,0,65,red
48,2,546,15,2,65,red
48,1,547,15,1,15,red
49,4,486,0,1,355,red
49,3,489,15,2,350,red
49,3,494,20,2,190,red
49,4,495,10,1,350,red
49,3,500,0,3,80,red
49,4,501,15,2,285,red
49,3,506,0,3,75,red
49,2,508,15,2,375,red
49,1,509,15,0,380,red
49,0,511,15,0,335,red
49,1,512,15,1,330,red
49,2,513,10,2,330,red
49,1,514,20,1,310,red
49,2,515,20,2,310,red
49,0,516,15,0,300,red
49,0,517,15,0,275,red
49,1,518,15,1,285,red
49,2,519,15,2,285,red
49,1,520,15,1,265,red
49,2,521,15,2,265,red
49,0,522,15,0,255,red
49,2,523,15,2,245,red
49,0,524,15,0,235,red
49,1,525,15,1,245,red
49,1,526,20,1,225,red
49,2,527,15,2,215,red
49,3,528,0,3,70,red
49,4,529,15,2,185,red
49,0,530,15,0,215,red
49,0,531,20,0,190,red
49,1,532,20,1,190,red
49,2,533,15,2,160,red
49,1,534,15,1,150,red
49,2,535,15,2,140,red
49,4,536,0,4,80,red
49,0,537,20,0,155,red
49,0,538,15,0,130,red
49,1,539,15,1,130,red
49,2,540,10,2,120,red
49,3,541,0,3,65,red
49,1,542,15,1,95,red
49,2,543,10,2,105,red
49,4,544,0,4,75,red
49,0,545,15,0,80,red
49,2,546,20,2,85,red
49,1,547,20,1,35,red
49,0,548,20,0,20,red
50,4,486,10,1,365,green
50,3,489,20,2,370,green
50,3,494,20,2,210,green
50,4,495,15,0,365,green
50,3,500,10,3,90,green
50,4,501,20,2,305,green
50,3,506,0,3,75,green
50,2,508,15,2,390,green
50,0,511,15,0,335,green
50,1,512,15,1,345,green
50,2,513,15,2,345,green
50,1,514,15,1,325,green
50,2,515,15,2,325,green
50,0,516,20,0,320,green
50,0,517,20,0,295,green
50,1,518,15,1,300,green
50,2,519,20,2,305,green
50,1,520,15,1,280,green
50,2,521,15,2,280,green
50,0,522,15,0,270,green
50,2,523,15,2,260,green
50,0,524,15,0,250,green
50,1,525,15,1,260,green
50,1,526,15,1,240,green
50,2,527,20,2,235,green
50,3,528,0,3,70,green
50,4,529,0,2,185,green
50,0,530,15,0,230,green
50,0,531,20,0,210,green
50,1,532,15,1,205,green
50,2,533,15,2,175,green
50,1,534,15,1,165,green
50,2,535,15,2,155,green
50,4,536,10,4,90,green
50,0,537,15,0,170,green
50,0,538,15,0,145,green
50,1,539,15,1,145,green
50,2,540,15,2,135,green
50,3,541,0,3,65,green
50,1,542,15,1,110,green
50,2,543,10,2,115,green
50,4,544,0,4,75,green
50,0,545,15,0,95,green
50,2,546,15,2,100,green
50,1,547,20,1,55,green
50,0,548,15,0,35,green
50,2,549,20,2,20,green
51,4,486,15,1,380,green
51,3,489,15,2,385,green
51,3,494,15,2,225,green
51,4,495,20,0,385,green
51,3,500,20,3,110,green
51,4,501,15,2,320,green
51,3,506,5,3,80,green
51,0,511,15,0,335,green
51,1,512,15,1,360,green
51,2,513,15,2,360,green
51,1,514,15,1,340,green
51,2,515,15,2,340,green
51,0,516,10,0,330,green
51,0,517,15,0,310,green
51,1,518,15,1,315,green
51,2,519,15,2,320,green
51,1,520,15,1,295,green
51,2,521,15,2,295,green
51,0,522,15,0,285,green
51,2,523,15,2,275,green
51,0,524,15,0,265,green
51,1,525,15,1,275,green
51,1,526,15,1,255,green
51,2,527,20,2,255,green
51,3,528,0,3,70,green
51,4,529,10,2,195,green
51,0,530,15,0,245,green
51,0,531,15,0,225,green
51,1,532,20,1,225,green
51,2,533,20,1,195,green
51,1,534,20,1,185,green
51,2,535,15,2,170,green
51,4,536,20,4,110,green
51,0,537,20,0,190,green
51,0,538,20,0,165,green
51,1,539,15,1,160,green
51,2,540,15,2,150,green
51,3,541,0,3,65,green
51,1,542,15,1,125,green
51,2,543,15,2,130,green
51,4,544,10,4,85,green
51,0,545,20,0,115,green
51,2,546,10,2,110,green
51,1,547,15,1,70,green
51,0,548,15,0,50,green
51,2,549,15,2,35,green
51,0,550,20,0,20,green
51,1,551,20,1,20,green
52,3,489,15,2,385,red
52,3,494,15,2,240,red
52,3,500,20,3,110,red
52,4,501,15,2,335,red
52,3,506,0,3,80,red
52,0,511,15,0,350,red
52,1,512,15,1,375,red
52,2,513,20,2,380,red
52,1,514,15,1,355,red
52,2,515,15,2,355,red
52,0,516,0,0,330,red
52,0,517,15,0,325,red
52,1,518,20,1,335,red
52,2,519,15,2,335,red
52,1,520,15,1,310,red
52,2,521,20,2,315,red
52,0,522,15,0,300,red
52,2,523,15,2,290,red
52,0,524,15,0,280,red
52,1,525,15,1,290,red
52,1,526,15,1,270,red
52,2,527,15,2,270,red
52,3,528,5,3,75,red
52,4,529,20,2,215,red
52,0,530,15,0,260,red
52,0,531,15,0,240,red
52,1,532,20,1,245,red
52,2,533,15,1,210,red
52,1,534,5,1,190,red
52,2,535,20,2,190,red
52,4,536,15,4,125,red
52,0,537,15,0,205,red
52,0,538,20,0,185,red
52,1,539,20,1,180,red
52,2,540,15,2,165,red
52,3,541,0,3,65,red
52,1,542,15,1,140,red
52,2,543,15,2,145,red
52,4,544,15,4,100,red
52,0,545,15,0,130,red
52,2,546,15,2,125,red
52,1,547,15,1,85,red
52,0,548,20,0,70,red
52,2,549,15,2,50,red
52,0,550,20,0,40,red
52,1,551,20,1,40,red
52,1,552,15,1,15,red
52,2,553,15,2,15,red
53,3,494,15,2,240,red
53,3,500,20,3,130,red
53,4,501,15,2,350,red
53,3,506,0,3,80,red
53,0,511,20,0,370,red
53,2,513,20,2,380,red
53,1,514,15,1,370,red
53,2,515,15,2,370,red
53,0,516,5,0,335,red
53,0,517,0,0,325,red
53,1,518,15,1,350,red
53,2,519,15,2,350,red
53,1,520,20,1,330,red
53,2,521,15,2,330,red
53,0,522,20,0,320,red
53,2,523,15,2,305,red
53,0,524,15,0,295,red
53,1,525,15,1,305,red
53,1,526,15,1,285,red
53,2,527,15,2,285,red
53,3,528,0,3,75,red
53,4,529,15,2,230,red
53,0,530,15,0,275,red
53,0,531,15,0,255,red
53,1,532,20,1,265,red
53,2,533,20,1,230,red
53,1,534,15,1,205,red
53,2,535,15,2,205,red
53,4,536,5,3,130,red
53,0,537,20,0,225,red
53,0,538,15,0,200,red
53,1,539,5,1,185,red
53,2,540,15,2,180,red
53,3,541,5,3,70,red
53,1,542,20,1,160,red
53,2,543,15,2,160,red
53,4,544,20,4,120,red
53,0,545,20,0,150,red
53,2,546,15,2,140,red
53,1,547,20,1,105,red
53,0,548,20,0,90,red
53,2,549,20,2,70,red
53,0,550,15,0,55,red
53,1,551,15,1,55,red
53,1,552,15,1,30,red
53,2,553,20,2,35,red
54,3,494,15,2,255,red
54,3,500,5,2,135,red
54,4,501,15,2,365,red
54,3,506,0,3,80,red
54,0,511,20,0,390,red
54,1,514,15,1,370,red
54,2,515,5,2,375,red
54,0,516,10,0,345,red
54,0,517,5,0,330,red
54,1,518,15,1,365,red
54,2,519,15,2,365,red
54,1,520,15,1,345,red
54,2,521,15,2,345,red
54,0,522,0,0,320,red
54,2,523,15,2,320,red
54,0,524,20,0,315,red
54,1,525,20,1,325,red
54,1,526,15,1,300,red
54,2,527,15,2,300,red
54,3,528,0,3,75,red
54,4,529,5,2,235,red
54,0,530,15,0,290,red
54,0,531,15,0,270,red
54,1,532,15,1,280,red
54,2,533,20,1,250,red
54,1,534,20,1,225,red
54,2,535,15,2,220,red
54,4,536,5,2,135,red
54,0,537,20,0,245,red
54,0,538,15,0,215,red
54,1,539,15,1,200,red
54,2,540,15,2,195,red
54,3,541,0,3,70,red
54,1,542,15,1,175,red
54,2,543,15,2,175,red
54,4,544,5,3,125,red
54,0,545,20,0,170,red
54,2,546,15,2,155,red
54,1,547,15,1,120,red
54,0,548,15,0,105,red
54,2,549,20,2,90,red
54,0,550,15,0,70,red
54,1,551,20,1,75,red
54,1,552,15,1,45,red
54,2,553,15,2,50,red
55,3,494,20,2,275,red
55,3,500,15,2,150,red
55,4,501,5,2,370,red
55,3,506,0,3,80,red
55,1,514,15,1,370,red
55,2,515,10,2,385,red
55,0,516,20,0,365,red
55,0,517,10,0,340,red
55,1,518,20,0,385,red
55,2,519,5,2,370,red
55,1,520,15,1,360,red
55,2,521,15,2,360,red
55,0,522,5,0,325,red
55,2,523,20,2,340,red
55,0,524,0,0,315,red
55,1,525,15,1,340,red
55,1,526,15,1,315,red
55,2,527,15,2,315,red
55,3,528,0,3,75,red
55,4,529,15,2,250,red
55,0,530,15,0,305,red
55,0,531,15,0,285,red
55,1,532,15,1,295,red
55,2,533,15,1,265,red
55,1,534,20,1,245,red
55,2,535,10,2,230,red
55,4,536,15,2,150,red
55,0,537,15,0,260,red
55,0,538,15,0,230,red
55,1,539,15,1,215,red
55,2,540,15,2,210,red
55,3,541,0,3,70,red
55,1,542,15,1,190,red
55,2,543,15,2,190,red
55,4,544,5,2,130,red
55,0,545,20,0,190,red
55,2,546,15,2,170,red
55,1,547,15,1,135,red
55,0,548,15,0,120,red
55,2,549,15,2,105,red
55,0,550,15,0,85,red
55,1,551,15,1,90,red
55,1,552,15,1,60,red
55,2,553,15,2,65,red
55,0,554,15,0,15,red
55,2,555,20,2,20,red
56,3,494,15,2,290,red
56,3,500,15,2,165,red
56,4,501,10,2,380,red
56,3,506,0,3,80,red
56,1,514,20,1,390,red
56,0,516,20,0,365,red
56,0,517,20,0,360,red
56,2,519,5,2,370,red
56,1,520,5,1,365,red
56,2,521,5,2,365,red
56,0,522,10,0,335,red
56,2,523,15,2,355,red
56,0,524,5,0,320,red
56,1,525,15,1,355,red
56,1,526,15,1,330,red
56,2,527,15,2,330,red
56,3,528,0,3,75,red
56,4,529,15,2,265,red
56,0,530,5,0,310,red
56,0,531,15,0,300,red
56,1,532,15,1,310,red
56,2,533,20,1,285,red
56,1,534,15,1,260,red
56,2,535,15,2,245,red
56,4,536,15,2,165,red
56,0,537,20,0,280,red
56,0,538,20,0,250,red
56,1,539,20,1,235,red
56,2,540,15,2,225,red
56,3,541,0,3,70,red
56,1,542,20,1,210,red
56,2,543,15,2,205,red
56,4,544,10,2,140,red
56,0,545,20,0,210,red
56,2,546,15,2,185,red
56,1,547,20,1,155,red
56,0,548,15,0,135,red
56,2,549,15,2,120,red
56,0,550,20,0,105,red
56,1,551,20,1,110,red
56,1,552,15,1,75,red
56,2,553,15,2,80,red
56,0,554,15,0,30,red
56,2,555,20,2,40,red
56,1,556,20,1,20,red
57,3,494,20,2,310,red
57,3,500,15,2,180,red
57,3,506,0,3,80,red
57,0,516,20,0,365,red
57,0,517,0,0,360,red
57,2,519,5,2,375,red
57,1,520,15,1,380,red
57,2,521,0,2,365,red
57,0,522,15,0,350,red
57,2,523,5,2,360,red
57,0,524,10,0,330,red
57,1,525,5,1,360,red
57,1,526,15,1,345,red
57,2,527,15,2,345,red
57,3,528,0,3,75,red
57,4,529,15,2,280,red
57,0,530,5,0,315,red
57,0,531,5,0,305,red
57,1,532,15,1,325,red
57,2,533,15,1,300,red
57,1,534,15,1,275,red
57,2,535,15,2,260,red
57,4,536,15,2,180,red
57,0,537,15,0,295,red
57,0,538,20,0,270,red
57,1,539,20,1,255,red
57,2,540,15,2,240,red
57,3,541,0,3,70,red
57,1,542,20,1,230,red
57,2,543,15,2,220,red
57,4,544,20,2,160,red
57,0,545,20,0,230,red
57,2,546,15,2,200,red
57,1,547,15,1,170,red
57,0,548,20,0,155,red
57,2,549,15,2,135,red
57,0,550,20,0,125,red
57,1,551,20,1,130,red
57,1,552,15,1,90,red
57,2,553,20,2,100,red
57,0,554,20,0,50,red
57,2,555,20,2,60,red
57,1,556,20,1,40,red
57,0,557,15,0,15,red
57,2,558,20,2,20,red
58,3,494,15,2,325,red
58,3,500,15,2,195,red
58,3,506,0,3,80,red
58,0,516,15,0,380,red
58,0,517,0,0,360,red
58,2,519,10,2,385,red
58,2,521,0,2,365,red
58,0,522,5,0,355,red
58,2,523,0,2,360,red
58,0,524,15,0,345,red
58,1,525,15,1,375,red
58,1,526,10,1,355,red
58,2,527,10,2,355,red
58,3,528,0,3,75,red
58,4,529,15,2,295,red
58,0,530,10,0,325,red
58,0,531,5,0,310,red
58,1,532,15,1,340,red
58,2,533,15,1,315,red
58,1,534,15,1,290,red
58,2,535,15,2,275,red
58,4,536,15,2,195,red
58,0,537,5,0,300,red
58,0,538,20,0,290,red
58,1,539,15,1,270,red
58,2,540,15,2,255,red
58,3,541,0,3,70,red
58,1,542,15,1,245,red
58,2,543,15,2,235,red
58,4,544,15,2,175,red
58,0,545,15,0,245,red
58,2,546,15,2,215,red
58,1,547,15,1,185,red
58,0,548,15,0,170,red
58,2,549,15,2,150,red
58,0,550,20,0,145,red
58,1,551,15,1,145,red
58,1,552,15,1,105,red
58,2,553,15,2,115,red
58,0,554,15,0,65,red
58,2,555,15,2,75,red
58,1,556,15,1,55,red
58,0,557,15,0,30,red
58,2,558,20,2,40,red
59,3,494,15,2,340,red
59,3,500,15,2,210,red
59,3,506,0,3,80,red
59,0,517,0,0,360,red
59,2,521,0,2,365,red
59,0,522,0,0,355,red
59,2,523,0,2,360,red
59,0,524,5,0,350,red
59,1,526,10,1,355,red
59,2,527,0,2,355,red
59,3,528,0,3,75,red
59,4,529,15,2,310,red
59,0,530,15,0,340,red
59,0,531,10,0,320,red
59,1,532,10,1,350,red
59,2,533,20,1,335,red
59,1,534,15,1,305,red
59,2,535,15,2,290,red
59,4,536,15,2,210,red
59,0,537,5,0,305,red
59,0,538,5,0,295,red
59,1,539,15,1,285,red
59,2,540,15,2,270,red
59,3,541,0,3,70,red
59,1,542,20,1,265,red
59,2,543,15,2,250,red
59,4,544,15,2,190,red
59,0,545,15,0,260,red
59,2,546,15,2,230,red
59,1,547,20,1,205,red
59,0,548,15,0,185,red
59,2,549,20,2,170,red
59,0,550,20,0,165,red
59,1,551,15,1,160,red
59,1,552,15,1,120,red
59,2,553,15,2,130,red
59,0,554,15,0,80,red
59,2,555,20,2,95,red
59,1,556,15,1,70,red
59,0,557,15,0,45,red
59,2,558,20,2,60,red
59,0,559,15,0,15,red
59,1,560,15,1,15,red
59,2,561,15,2,15,red
